State,District,Latitude,Longitude,Crop,Market,Min_Price,Max_Price,Modal_Price,Trend,Last_Updated
Tamil Nadu,Coimbatore,11.0168,76.9558,Rice,Coimbatore Mandi,2183,2502,2281,Increasing,2026-08-14
Tamil Nadu,Tiruppur,11.1085,77.3411,Rice,Tiruppur Market,2025,2494,2232,Stable,2026-08-14
Tamil Nadu,Erode,11.341,77.7172,Rice,Erode Uzhavar Sandhai,2108,2483,2331,Decreasing,2026-08-14
Tamil Nadu,Salem,11.6643,78.146,Rice,Salem Mandi,2202,2519,2298,Volatile,2026-08-14
Tamil Nadu,Namakkal,11.2189,78.1674,Rice,Namakkal Market,2283,2540,2389,Increasing,2026-08-14
Tamil Nadu,Karur,10.9601,78.0766,Rice,Karur Uzhavar Sandhai,2258,2589,2370,Stable,2026-08-14
Tamil Nadu,Trichy,10.7905,78.7047,Rice,Trichy Mandi,2215,2751,2459,Decreasing,2026-08-14
Tamil Nadu,Thanjavur,10.7867,79.1378,Rice,Thanjavur Market,2248,2555,2398,Volatile,2026-08-14
Tamil Nadu,Tiruvarur,10.766,79.6344,Rice,Tiruvarur Uzhavar Sandhai,2332,2692,2432,Increasing,2026-08-14
Tamil Nadu,Nagapattinam,10.7672,79.8449,Rice,Nagapattinam Mandi,2105,2460,2258,Stable,2026-08-14
Tamil Nadu,Madurai,9.9252,78.1198,Rice,Madurai Market,2104,2405,2214,Decreasing,2026-08-14
Tamil Nadu,Dindigul,10.3673,77.9803,Rice,Dindigul Uzhavar Sandhai,2158,2511,2293,Volatile,2026-08-14
Tamil Nadu,Theni,10.0104,77.4768,Rice,Theni Mandi,2133,2521,2271,Increasing,2026-08-14
Tamil Nadu,Sivaganga,9.8433,78.4809,Rice,Sivaganga Market,2214,2510,2315,Stable,2026-08-14
Tamil Nadu,Ramanathapuram,9.3639,78.8395,Rice,Ramanathapuram Uzhavar Sandhai,2257,2579,2381,Decreasing,2026-08-14
Tamil Nadu,Tirunelveli,8.7139,77.7567,Rice,Tirunelveli Mandi,2287,2709,2438,Volatile,2026-08-14
Tamil Nadu,Thoothukudi,8.7642,78.1348,Rice,Thoothukudi Market,2287,2753,2470,Increasing,2026-08-14
Tamil Nadu,Kanyakumari,8.0883,77.5385,Rice,Kanyakumari Uzhavar Sandhai,2254,2595,2408,Stable,2026-08-14
Tamil Nadu,Cuddalore,11.748,79.7714,Rice,Cuddalore Mandi,2115,2391,2278,Decreasing,2026-08-14
Tamil Nadu,Villupuram,11.9401,79.4861,Rice,Villupuram Market,2200,2582,2312,Volatile,2026-08-14
Tamil Nadu,Kallakurichi,11.7401,78.9597,Rice,Kallakurichi Uzhavar Sandhai,2073,2399,2267,Increasing,2026-08-14
Tamil Nadu,Vellore,12.9165,79.1325,Rice,Vellore Mandi,2195,2464,2288,Stable,2026-08-14
Tamil Nadu,Ranipet,12.924,79.3333,Rice,Ranipet Market,2152,2607,2372,Decreasing,2026-08-14
Tamil Nadu,Tirupattur,12.496,78.5645,Rice,Tirupattur Uzhavar Sandhai,2193,2551,2381,Volatile,2026-08-14
Tamil Nadu,Tiruvannamalai,12.2253,79.0747,Rice,Tiruvannamalai Mandi,2293,2700,2443,Increasing,2026-08-14
Tamil Nadu,Kanchipuram,12.8342,79.7036,Rice,Kanchipuram Market,2258,2618,2459,Stable,2026-08-14
Tamil Nadu,Chengalpattu,12.6819,79.9671,Rice,Chengalpattu Uzhavar Sandhai,2271,2638,2454,Decreasing,2026-08-14
Tamil Nadu,Thiruvallur,13.1439,79.9087,Rice,Thiruvallur Mandi,2019,2386,2230,Volatile,2026-08-14
Tamil Nadu,Krishnagiri,12.5186,78.2137,Rice,Krishnagiri Market,2054,2438,2250,Increasing,2026-08-14
Tamil Nadu,Dharmapuri,12.1211,78.1582,Rice,Dharmapuri Uzhavar Sandhai,2181,2574,2305,Stable,2026-08-14
Tamil Nadu,Coimbatore,11.0168,76.9558,Cotton,Coimbatore Market,6181,7379,6726,Stable,2026-08-14
Tamil Nadu,Tiruppur,11.1085,77.3411,Cotton,Tiruppur Uzhavar Sandhai,6613,7727,6972,Decreasing,2026-08-14
Tamil Nadu,Erode,11.341,77.7172,Cotton,Erode Mandi,6264,7303,6919,Volatile,2026-08-14
Tamil Nadu,Salem,11.6643,78.146,Cotton,Salem Market,6317,7359,6982,Increasing,2026-08-14
Tamil Nadu,Namakkal,11.2189,78.1674,Cotton,Namakkal Uzhavar Sandhai,6604,7697,7229,Stable,2026-08-14
Tamil Nadu,Karur,10.9601,78.0766,Cotton,Karur Mandi,6846,7515,7202,Decreasing,2026-08-14
Tamil Nadu,Trichy,10.7905,78.7047,Cotton,Trichy Market,6933,8041,7239,Volatile,2026-08-14
Tamil Nadu,Thanjavur,10.7867,79.1378,Cotton,Thanjavur Uzhavar Sandhai,6637,7650,7330,Increasing,2026-08-14
Tamil Nadu,Tiruvarur,10.766,79.6344,Cotton,Tiruvarur Mandi,7212,8128,7618,Stable,2026-08-14
Tamil Nadu,Nagapattinam,10.7672,79.8449,Cotton,Nagapattinam Market,6536,7680,6912,Decreasing,2026-08-14
Tamil Nadu,Madurai,9.9252,78.1198,Cotton,Madurai Uzhavar Sandhai,6515,7403,6896,Volatile,2026-08-14
Tamil Nadu,Dindigul,10.3673,77.9803,Cotton,Dindigul Mandi,6443,7185,6846,Increasing,2026-08-14
Tamil Nadu,Theni,10.0104,77.4768,Cotton,Theni Market,6575,7320,6907,Stable,2026-08-14
Tamil Nadu,Sivaganga,9.8433,78.4809,Cotton,Sivaganga Uzhavar Sandhai,6625,7552,7088,Decreasing,2026-08-14
Tamil Nadu,Ramanathapuram,9.3639,78.8395,Cotton,Ramanathapuram Mandi,6686,7577,7137,Volatile,2026-08-14
Tamil Nadu,Tirunelveli,8.7139,77.7567,Cotton,Tirunelveli Market,7052,8017,7387,Increasing,2026-08-14
Tamil Nadu,Thoothukudi,8.7642,78.1348,Cotton,Thoothukudi Uzhavar Sandhai,6803,7886,7324,Stable,2026-08-14
Tamil Nadu,Kanyakumari,8.0883,77.5385,Cotton,Kanyakumari Mandi,7073,8245,7500,Decreasing,2026-08-14
Tamil Nadu,Cuddalore,11.748,79.7714,Cotton,Cuddalore Market,6262,7618,6898,Volatile,2026-08-14
Tamil Nadu,Villupuram,11.9401,79.4861,Cotton,Villupuram Uzhavar Sandhai,6245,7660,6857,Increasing,2026-08-14
Tamil Nadu,Kallakurichi,11.7401,78.9597,Cotton,Kallakurichi Mandi,6488,7615,7020,Stable,2026-08-14
Tamil Nadu,Vellore,12.9165,79.1325,Cotton,Vellore Market,6432,7204,6890,Decreasing,2026-08-14
Tamil Nadu,Ranipet,12.924,79.3333,Cotton,Ranipet Uzhavar Sandhai,6987,7604,7287,Volatile,2026-08-14
Tamil Nadu,Tirupattur,12.496,78.5645,Cotton,Tirupattur Mandi,6508,7467,7168,Increasing,2026-08-14
Tamil Nadu,Tiruvannamalai,12.2253,79.0747,Cotton,Tiruvannamalai Market,6449,7984,7157,Stable,2026-08-14
Tamil Nadu,Kanchipuram,12.8342,79.7036,Cotton,Kanchipuram Uzhavar Sandhai,6671,8127,7387,Decreasing,2026-08-14
Tamil Nadu,Chengalpattu,12.6819,79.9671,Cotton,Chengalpattu Mandi,6999,8415,7529,Volatile,2026-08-14
Tamil Nadu,Thiruvallur,13.1439,79.9087,Cotton,Thiruvallur Market,6166,7022,6650,Increasing,2026-08-14
Tamil Nadu,Krishnagiri,12.5186,78.2137,Cotton,Krishnagiri Uzhavar Sandhai,6549,7362,6828,Stable,2026-08-14
Tamil Nadu,Dharmapuri,12.1211,78.1582,Cotton,Dharmapuri Mandi,6635,7382,7046,Decreasing,2026-08-14
Tamil Nadu,Coimbatore,11.0168,76.9558,Banana,Coimbatore Uzhavar Sandhai,3039,3573,3224,Decreasing,2026-08-14
Tamil Nadu,Tiruppur,11.1085,77.3411,Banana,Tiruppur Mandi,3070,3540,3343,Volatile,2026-08-14
Tamil Nadu,Erode,11.341,77.7172,Banana,Erode Market,2925,3386,3249,Increasing,2026-08-14
Tamil Nadu,Salem,11.6643,78.146,Banana,Salem Uzhavar Sandhai,3216,3509,3361,Stable,2026-08-14
Tamil Nadu,Namakkal,11.2189,78.1674,Banana,Namakkal Mandi,3158,3503,3367,Decreasing,2026-08-14
Tamil Nadu,Karur,10.9601,78.0766,Banana,Karur Market,3054,3543,3356,Volatile,2026-08-14
Tamil Nadu,Trichy,10.7905,78.7047,Banana,Trichy Uzhavar Sandhai,3143,3731,3472,Increasing,2026-08-14
Tamil Nadu,Thanjavur,10.7867,79.1378,Banana,Thanjavur Mandi,3295,3639,3452,Stable,2026-08-14
Tamil Nadu,Tiruvarur,10.766,79.6344,Banana,Tiruvarur Market,3418,3747,3580,Decreasing,2026-08-14
Tamil Nadu,Nagapattinam,10.7672,79.8449,Banana,Nagapattinam Uzhavar Sandhai,3069,3461,3317,Volatile,2026-08-14
Tamil Nadu,Madurai,9.9252,78.1198,Banana,Madurai Mandi,3135,3649,3311,Increasing,2026-08-14
Tamil Nadu,Dindigul,10.3673,77.9803,Banana,Dindigul Market,3132,3520,3379,Stable,2026-08-14
Tamil Nadu,Theni,10.0104,77.4768,Banana,Theni Uzhavar Sandhai,3099,3658,3332,Decreasing,2026-08-14
Tamil Nadu,Sivaganga,9.8433,78.4809,Banana,Sivaganga Mandi,3199,3606,3414,Volatile,2026-08-14
Tamil Nadu,Ramanathapuram,9.3639,78.8395,Banana,Ramanathapuram Market,3165,3887,3501,Increasing,2026-08-14
Tamil Nadu,Tirunelveli,8.7139,77.7567,Banana,Tirunelveli Uzhavar Sandhai,3186,3795,3428,Stable,2026-08-14
Tamil Nadu,Thoothukudi,8.7642,78.1348,Banana,Thoothukudi Mandi,3396,3782,3609,Decreasing,2026-08-14
Tamil Nadu,Kanyakumari,8.0883,77.5385,Banana,Kanyakumari Market,3272,3939,3549,Volatile,2026-08-14
Tamil Nadu,Cuddalore,11.748,79.7714,Banana,Cuddalore Uzhavar Sandhai,2972,3528,3178,Increasing,2026-08-14
Tamil Nadu,Villupuram,11.9401,79.4861,Banana,Villupuram Mandi,3145,3685,3294,Stable,2026-08-14
Tamil Nadu,Kallakurichi,11.7401,78.9597,Banana,Kallakurichi Market,3185,3652,3389,Decreasing,2026-08-14
Tamil Nadu,Vellore,12.9165,79.1325,Banana,Vellore Uzhavar Sandhai,3051,3706,3332,Volatile,2026-08-14
Tamil Nadu,Ranipet,12.924,79.3333,Banana,Ranipet Mandi,3071,3715,3325,Increasing,2026-08-14
Tamil Nadu,Tirupattur,12.496,78.5645,Banana,Tirupattur Market,3166,3774,3495,Stable,2026-08-14
Tamil Nadu,Tiruvannamalai,12.2253,79.0747,Banana,Tiruvannamalai Uzhavar Sandhai,3288,3951,3531,Decreasing,2026-08-14
Tamil Nadu,Kanchipuram,12.8342,79.7036,Banana,Kanchipuram Mandi,3345,3777,3578,Volatile,2026-08-14
Tamil Nadu,Chengalpattu,12.6819,79.9671,Banana,Chengalpattu Market,3234,3791,3572,Increasing,2026-08-14
Tamil Nadu,Thiruvallur,13.1439,79.9087,Banana,Thiruvallur Uzhavar Sandhai,3098,3536,3230,Stable,2026-08-14
Tamil Nadu,Krishnagiri,12.5186,78.2137,Banana,Krishnagiri Mandi,3008,3510,3307,Decreasing,2026-08-14
Tamil Nadu,Dharmapuri,12.1211,78.1582,Banana,Dharmapuri Market,3185,3616,3371,Volatile,2026-08-14
Tamil Nadu,Coimbatore,11.0168,76.9558,Mango,Coimbatore Mandi,3348,3789,3596,Volatile,2026-08-14
Tamil Nadu,Tiruppur,11.1085,77.3411,Mango,Tiruppur Market,3289,3812,3501,Increasing,2026-08-14
Tamil Nadu,Erode,11.341,77.7172,Mango,Erode Uzhavar Sandhai,3350,4084,3718,Stable,2026-08-14
Tamil Nadu,Salem,11.6643,78.146,Mango,Salem Mandi,3373,4078,3715,Decreasing,2026-08-14
Tamil Nadu,Namakkal,11.2189,78.1674,Mango,Namakkal Market,3324,4021,3656,Volatile,2026-08-14
Tamil Nadu,Karur,10.9601,78.0766,Mango,Karur Uzhavar Sandhai,3363,3910,3696,Increasing,2026-08-14
Tamil Nadu,Trichy,10.7905,78.7047,Mango,Trichy Mandi,3646,4194,3803,Stable,2026-08-14
Tamil Nadu,Thanjavur,10.7867,79.1378,Mango,Thanjavur Market,3639,4262,3889,Decreasing,2026-08-14
Tamil Nadu,Tiruvarur,10.766,79.6344,Mango,Tiruvarur Uzhavar Sandhai,3443,4267,3810,Volatile,2026-08-14
Tamil Nadu,Nagapattinam,10.7672,79.8449,Mango,Nagapattinam Mandi,3332,3776,3474,Increasing,2026-08-14
Tamil Nadu,Madurai,9.9252,78.1198,Mango,Madurai Market,3239,3775,3596,Stable,2026-08-14
Tamil Nadu,Dindigul,10.3673,77.9803,Mango,Dindigul Uzhavar Sandhai,3400,3720,3562,Decreasing,2026-08-14
Tamil Nadu,Theni,10.0104,77.4768,Mango,Theni Mandi,3293,3927,3603,Volatile,2026-08-14
Tamil Nadu,Sivaganga,9.8433,78.4809,Mango,Sivaganga Market,3361,4013,3691,Increasing,2026-08-14
Tamil Nadu,Ramanathapuram,9.3639,78.8395,Mango,Ramanathapuram Uzhavar Sandhai,3555,4282,3838,Stable,2026-08-14
Tamil Nadu,Tirunelveli,8.7139,77.7567,Mango,Tirunelveli Mandi,3622,4352,3902,Decreasing,2026-08-14
Tamil Nadu,Thoothukudi,8.7642,78.1348,Mango,Thoothukudi Market,3737,4193,3913,Volatile,2026-08-14
Tamil Nadu,Kanyakumari,8.0883,77.5385,Mango,Kanyakumari Uzhavar Sandhai,3543,3988,3807,Increasing,2026-08-14
Tamil Nadu,Cuddalore,11.748,79.7714,Mango,Cuddalore Mandi,3331,3780,3604,Stable,2026-08-14
Tamil Nadu,Villupuram,11.9401,79.4861,Mango,Villupuram Market,3273,3751,3513,Decreasing,2026-08-14
Tamil Nadu,Kallakurichi,11.7401,78.9597,Mango,Kallakurichi Uzhavar Sandhai,3205,3740,3551,Volatile,2026-08-14
Tamil Nadu,Vellore,12.9165,79.1325,Mango,Vellore Mandi,3349,3989,3623,Increasing,2026-08-14
Tamil Nadu,Ranipet,12.924,79.3333,Mango,Ranipet Market,3496,3984,3735,Stable,2026-08-14
Tamil Nadu,Tirupattur,12.496,78.5645,Mango,Tirupattur Uzhavar Sandhai,3375,3956,3719,Decreasing,2026-08-14
Tamil Nadu,Tiruvannamalai,12.2253,79.0747,Mango,Tiruvannamalai Mandi,3483,4038,3789,Volatile,2026-08-14
Tamil Nadu,Kanchipuram,12.8342,79.7036,Mango,Kanchipuram Market,3590,4146,3770,Increasing,2026-08-14
Tamil Nadu,Chengalpattu,12.6819,79.9671,Mango,Chengalpattu Uzhavar Sandhai,3609,4277,3824,Stable,2026-08-14
Tamil Nadu,Thiruvallur,13.1439,79.9087,Mango,Thiruvallur Mandi,3156,3845,3462,Decreasing,2026-08-14
Tamil Nadu,Krishnagiri,12.5186,78.2137,Mango,Krishnagiri Market,3240,3932,3583,Volatile,2026-08-14
Tamil Nadu,Dharmapuri,12.1211,78.1582,Mango,Dharmapuri Uzhavar Sandhai,3434,4131,3699,Increasing,2026-08-14
Tamil Nadu,Coimbatore,11.0168,76.9558,Maize,Coimbatore Market,1811,2123,1915,Increasing,2026-08-14
Tamil Nadu,Tiruppur,11.1085,77.3411,Maize,Tiruppur Uzhavar Sandhai,1828,2038,1949,Stable,2026-08-14
Tamil Nadu,Erode,11.341,77.7172,Maize,Erode Mandi,1830,2159,1985,Decreasing,2026-08-14
Tamil Nadu,Salem,11.6643,78.146,Maize,Salem Market,1877,2201,2031,Volatile,2026-08-14
Tamil Nadu,Namakkal,11.2189,78.1674,Maize,Namakkal Uzhavar Sandhai,1911,2197,2078,Increasing,2026-08-14
Tamil Nadu,Karur,10.9601,78.0766,Maize,Karur Mandi,1862,2297,2063,Stable,2026-08-14
Tamil Nadu,Trichy,10.7905,78.7047,Maize,Trichy Market,1949,2291,2145,Decreasing,2026-08-14
Tamil Nadu,Thanjavur,10.7867,79.1378,Maize,Thanjavur Uzhavar Sandhai,1923,2197,2087,Volatile,2026-08-14
Tamil Nadu,Tiruvarur,10.766,79.6344,Maize,Tiruvarur Mandi,2013,2234,2134,Increasing,2026-08-14
Tamil Nadu,Nagapattinam,10.7672,79.8449,Maize,Nagapattinam Market,1776,2135,1955,Stable,2026-08-14
Tamil Nadu,Madurai,9.9252,78.1198,Maize,Madurai Uzhavar Sandhai,1905,2247,2008,Decreasing,2026-08-14
Tamil Nadu,Dindigul,10.3673,77.9803,Maize,Dindigul Mandi,1849,2196,1980,Volatile,2026-08-14
Tamil Nadu,Theni,10.0104,77.4768,Maize,Theni Market,1815,2148,1988,Increasing,2026-08-14
Tamil Nadu,Sivaganga,9.8433,78.4809,Maize,Sivaganga Uzhavar Sandhai,1875,2195,2074,Stable,2026-08-14
Tamil Nadu,Ramanathapuram,9.3639,78.8395,Maize,Ramanathapuram Mandi,1988,2343,2106,Decreasing,2026-08-14
Tamil Nadu,Tirunelveli,8.7139,77.7567,Maize,Tirunelveli Market,1876,2178,2060,Volatile,2026-08-14
Tamil Nadu,Thoothukudi,8.7642,78.1348,Maize,Thoothukudi Uzhavar Sandhai,2009,2358,2157,Increasing,2026-08-14
Tamil Nadu,Kanyakumari,8.0883,77.5385,Maize,Kanyakumari Mandi,1984,2374,2135,Stable,2026-08-14
Tamil Nadu,Cuddalore,11.748,79.7714,Maize,Cuddalore Market,1837,2122,1980,Decreasing,2026-08-14
Tamil Nadu,Villupuram,11.9401,79.4861,Maize,Villupuram Uzhavar Sandhai,1761,2081,1955,Volatile,2026-08-14
Tamil Nadu,Kallakurichi,11.7401,78.9597,Maize,Kallakurichi Mandi,1871,2129,1968,Increasing,2026-08-14
Tamil Nadu,Vellore,12.9165,79.1325,Maize,Vellore Market,1889,2129,2008,Stable,2026-08-14
Tamil Nadu,Ranipet,12.924,79.3333,Maize,Ranipet Uzhavar Sandhai,1922,2298,2076,Decreasing,2026-08-14
Tamil Nadu,Tirupattur,12.496,78.5645,Maize,Tirupattur Mandi,1913,2211,2030,Volatile,2026-08-14
Tamil Nadu,Tiruvannamalai,12.2253,79.0747,Maize,Tiruvannamalai Market,2008,2311,2141,Increasing,2026-08-14
Tamil Nadu,Kanchipuram,12.8342,79.7036,Maize,Kanchipuram Uzhavar Sandhai,1968,2250,2098,Stable,2026-08-14
Tamil Nadu,Chengalpattu,12.6819,79.9671,Maize,Chengalpattu Mandi,1994,2338,2099,Decreasing,2026-08-14
Tamil Nadu,Thiruvallur,13.1439,79.9087,Maize,Thiruvallur Market,1779,2061,1948,Volatile,2026-08-14
Tamil Nadu,Krishnagiri,12.5186,78.2137,Maize,Krishnagiri Uzhavar Sandhai,1878,2132,1998,Increasing,2026-08-14
Tamil Nadu,Dharmapuri,12.1211,78.1582,Maize,Dharmapuri Mandi,1828,2208,1979,Stable,2026-08-14
Tamil Nadu,Coimbatore,11.0168,76.9558,Turmeric,Coimbatore Uzhavar Sandhai,7815,9017,8451,Stable,2026-08-14
Tamil Nadu,Tiruppur,11.1085,77.3411,Turmeric,Tiruppur Mandi,7917,9157,8669,Decreasing,2026-08-14
Tamil Nadu,Erode,11.341,77.7172,Turmeric,Erode Market,8398,9698,8866,Volatile,2026-08-14
Tamil Nadu,Salem,11.6643,78.146,Turmeric,Salem Uzhavar Sandhai,8245,9537,8841,Increasing,2026-08-14
Tamil Nadu,Namakkal,11.2189,78.1674,Turmeric,Namakkal Mandi,8364,9937,8922,Stable,2026-08-14
Tamil Nadu,Karur,10.9601,78.0766,Turmeric,Karur Market,8388,9823,9164,Decreasing,2026-08-14
Tamil Nadu,Trichy,10.7905,78.7047,Turmeric,Trichy Uzhavar Sandhai,8881,9772,9364,Volatile,2026-08-14
Tamil Nadu,Thanjavur,10.7867,79.1378,Turmeric,Thanjavur Mandi,8476,9913,9307,Increasing,2026-08-14
Tamil Nadu,Tiruvarur,10.766,79.6344,Turmeric,Tiruvarur Market,9070,10640,9556,Stable,2026-08-14
Tamil Nadu,Nagapattinam,10.7672,79.8449,Turmeric,Nagapattinam Uzhavar Sandhai,8130,9635,8805,Decreasing,2026-08-14
Tamil Nadu,Madurai,9.9252,78.1198,Turmeric,Madurai Mandi,7874,9242,8555,Volatile,2026-08-14
Tamil Nadu,Dindigul,10.3673,77.9803,Turmeric,Dindigul Market,8363,9738,9078,Increasing,2026-08-14
Tamil Nadu,Theni,10.0104,77.4768,Turmeric,Theni Uzhavar Sandhai,8043,9658,8902,Stable,2026-08-14
Tamil Nadu,Sivaganga,9.8433,78.4809,Turmeric,Sivaganga Mandi,8412,9947,8952,Decreasing,2026-08-14
Tamil Nadu,Ramanathapuram,9.3639,78.8395,Turmeric,Ramanathapuram Market,8413,9746,9243,Volatile,2026-08-14
Tamil Nadu,Tirunelveli,8.7139,77.7567,Turmeric,Tirunelveli Uzhavar Sandhai,8719,10061,9356,Increasing,2026-08-14
Tamil Nadu,Thoothukudi,8.7642,78.1348,Turmeric,Thoothukudi Mandi,8657,10531,9462,Stable,2026-08-14
Tamil Nadu,Kanyakumari,8.0883,77.5385,Turmeric,Kanyakumari Market,8965,10113,9641,Decreasing,2026-08-14
Tamil Nadu,Cuddalore,11.748,79.7714,Turmeric,Cuddalore Uzhavar Sandhai,7901,9201,8458,Volatile,2026-08-14
Tamil Nadu,Villupuram,11.9401,79.4861,Turmeric,Villupuram Mandi,8247,9144,8772,Increasing,2026-08-14
Tamil Nadu,Kallakurichi,11.7401,78.9597,Turmeric,Kallakurichi Market,8535,9476,8996,Stable,2026-08-14
Tamil Nadu,Vellore,12.9165,79.1325,Turmeric,Vellore Uzhavar Sandhai,8154,9784,8772,Decreasing,2026-08-14
Tamil Nadu,Ranipet,12.924,79.3333,Turmeric,Ranipet Mandi,8684,10227,9158,Volatile,2026-08-14
Tamil Nadu,Tirupattur,12.496,78.5645,Turmeric,Tirupattur Market,8477,9597,9046,Increasing,2026-08-14
Tamil Nadu,Tiruvannamalai,12.2253,79.0747,Turmeric,Tiruvannamalai Uzhavar Sandhai,8529,9644,9172,Stable,2026-08-14
Tamil Nadu,Kanchipuram,12.8342,79.7036,Turmeric,Kanchipuram Mandi,8990,10522,9523,Decreasing,2026-08-14
Tamil Nadu,Chengalpattu,12.6819,79.9671,Turmeric,Chengalpattu Market,8638,9854,9430,Volatile,2026-08-14
Tamil Nadu,Thiruvallur,13.1439,79.9087,Turmeric,Thiruvallur Uzhavar Sandhai,8012,9289,8649,Increasing,2026-08-14
Tamil Nadu,Krishnagiri,12.5186,78.2137,Turmeric,Krishnagiri Mandi,8160,9379,8905,Stable,2026-08-14
Tamil Nadu,Dharmapuri,12.1211,78.1582,Turmeric,Dharmapuri Market,8104,9434,8752,Decreasing,2026-08-14
Tamil Nadu,Coimbatore,11.0168,76.9558,Coconut,Coimbatore Mandi,10835,12121,11579,Decreasing,2026-08-14
Tamil Nadu,Tiruppur,11.1085,77.3411,Coconut,Tiruppur Market,10626,12862,11521,Volatile,2026-08-14
Tamil Nadu,Erode,11.341,77.7172,Coconut,Erode Uzhavar Sandhai,11461,12887,12121,Increasing,2026-08-14
Tamil Nadu,Salem,11.6643,78.146,Coconut,Salem Mandi,11387,13440,12019,Stable,2026-08-14
Tamil Nadu,Namakkal,11.2189,78.1674,Coconut,Namakkal Market,11019,12961,12135,Decreasing,2026-08-14
Tamil Nadu,Karur,10.9601,78.0766,Coconut,Karur Uzhavar Sandhai,11317,13205,12144,Volatile,2026-08-14
Tamil Nadu,Trichy,10.7905,78.7047,Coconut,Trichy Mandi,11136,12855,12203,Increasing,2026-08-14
Tamil Nadu,Thanjavur,10.7867,79.1378,Coconut,Thanjavur Market,11485,13293,12404,Stable,2026-08-14
Tamil Nadu,Tiruvarur,10.766,79.6344,Coconut,Tiruvarur Uzhavar Sandhai,11910,14237,12732,Decreasing,2026-08-14
Tamil Nadu,Nagapattinam,10.7672,79.8449,Coconut,Nagapattinam Mandi,10851,12079,11421,Volatile,2026-08-14
Tamil Nadu,Madurai,9.9252,78.1198,Coconut,Madurai Market,10955,12200,11578,Increasing,2026-08-14
Tamil Nadu,Dindigul,10.3673,77.9803,Coconut,Dindigul Uzhavar Sandhai,11284,12891,11946,Stable,2026-08-14
Tamil Nadu,Theni,10.0104,77.4768,Coconut,Theni Mandi,10798,13377,11976,Decreasing,2026-08-14
Tamil Nadu,Sivaganga,9.8433,78.4809,Coconut,Sivaganga Market,11313,13045,11972,Volatile,2026-08-14
Tamil Nadu,Ramanathapuram,9.3639,78.8395,Coconut,Ramanathapuram Uzhavar Sandhai,11049,13092,12130,Increasing,2026-08-14
Tamil Nadu,Tirunelveli,8.7139,77.7567,Coconut,Tirunelveli Mandi,11342,13094,12287,Stable,2026-08-14
Tamil Nadu,Thoothukudi,8.7642,78.1348,Coconut,Thoothukudi Market,11559,13289,12683,Decreasing,2026-08-14
Tamil Nadu,Kanyakumari,8.0883,77.5385,Coconut,Kanyakumari Uzhavar Sandhai,11789,13765,12912,Volatile,2026-08-14
Tamil Nadu,Cuddalore,11.748,79.7714,Coconut,Cuddalore Mandi,10970,12692,11574,Increasing,2026-08-14
Tamil Nadu,Villupuram,11.9401,79.4861,Coconut,Villupuram Market,10980,12476,11993,Stable,2026-08-14
Tamil Nadu,Kallakurichi,11.7401,78.9597,Coconut,Kallakurichi Uzhavar Sandhai,10964,12968,12120,Decreasing,2026-08-14
Tamil Nadu,Vellore,12.9165,79.1325,Coconut,Vellore Mandi,11305,12850,12325,Volatile,2026-08-14
Tamil Nadu,Ranipet,12.924,79.3333,Coconut,Ranipet Market,11524,13304,12447,Increasing,2026-08-14
Tamil Nadu,Tirupattur,12.496,78.5645,Coconut,Tirupattur Uzhavar Sandhai,11398,13661,12429,Stable,2026-08-14
Tamil Nadu,Tiruvannamalai,12.2253,79.0747,Coconut,Tiruvannamalai Mandi,11500,13908,12754,Decreasing,2026-08-14
Tamil Nadu,Kanchipuram,12.8342,79.7036,Coconut,Kanchipuram Market,11744,14209,12773,Volatile,2026-08-14
Tamil Nadu,Chengalpattu,12.6819,79.9671,Coconut,Chengalpattu Uzhavar Sandhai,12279,13440,12813,Increasing,2026-08-14
Tamil Nadu,Thiruvallur,13.1439,79.9087,Coconut,Thiruvallur Mandi,10656,12999,11790,Stable,2026-08-14
Tamil Nadu,Krishnagiri,12.5186,78.2137,Coconut,Krishnagiri Market,10728,12828,11719,Decreasing,2026-08-14
Tamil Nadu,Dharmapuri,12.1211,78.1582,Coconut,Dharmapuri Uzhavar Sandhai,11342,13273,11939,Volatile,2026-08-14
Tamil Nadu,Coimbatore,11.0168,76.9558,Groundnut,Coimbatore Market,5772,6586,6049,Volatile,2026-08-14
Tamil Nadu,Tiruppur,11.1085,77.3411,Groundnut,Tiruppur Uzhavar Sandhai,5890,6934,6222,Increasing,2026-08-14
Tamil Nadu,Erode,11.341,77.7172,Groundnut,Erode Mandi,5896,6428,6173,Stable,2026-08-14
Tamil Nadu,Salem,11.6643,78.146,Groundnut,Salem Market,5734,6852,6136,Decreasing,2026-08-14
Tamil Nadu,Namakkal,11.2189,78.1674,Groundnut,Namakkal Uzhavar Sandhai,6085,7201,6455,Volatile,2026-08-14
Tamil Nadu,Karur,10.9601,78.0766,Groundnut,Karur Mandi,6032,6864,6567,Increasing,2026-08-14
Tamil Nadu,Trichy,10.7905,78.7047,Groundnut,Trichy Market,5871,6877,6373,Stable,2026-08-14
Tamil Nadu,Thanjavur,10.7867,79.1378,Groundnut,Thanjavur Uzhavar Sandhai,6091,7261,6658,Decreasing,2026-08-14
Tamil Nadu,Tiruvarur,10.766,79.6344,Groundnut,Tiruvarur Mandi,5907,7144,6533,Volatile,2026-08-14
Tamil Nadu,Nagapattinam,10.7672,79.8449,Groundnut,Nagapattinam Market,5606,6598,6000,Increasing,2026-08-14
Tamil Nadu,Madurai,9.9252,78.1198,Groundnut,Madurai Uzhavar Sandhai,5835,6896,6230,Stable,2026-08-14
Tamil Nadu,Dindigul,10.3673,77.9803,Groundnut,Dindigul Mandi,6022,6868,6336,Decreasing,2026-08-14
Tamil Nadu,Theni,10.0104,77.4768,Groundnut,Theni Market,5958,6896,6275,Volatile,2026-08-14
Tamil Nadu,Sivaganga,9.8433,78.4809,Groundnut,Sivaganga Uzhavar Sandhai,5880,6658,6281,Increasing,2026-08-14
Tamil Nadu,Ramanathapuram,9.3639,78.8395,Groundnut,Ramanathapuram Mandi,5774,6653,6290,Stable,2026-08-14
Tamil Nadu,Tirunelveli,8.7139,77.7567,Groundnut,Tirunelveli Market,5973,7005,6543,Decreasing,2026-08-14
Tamil Nadu,Thoothukudi,8.7642,78.1348,Groundnut,Thoothukudi Uzhavar Sandhai,6116,7032,6600,Volatile,2026-08-14
Tamil Nadu,Kanyakumari,8.0883,77.5385,Groundnut,Kanyakumari Mandi,6308,7270,6819,Increasing,2026-08-14
Tamil Nadu,Cuddalore,11.748,79.7714,Groundnut,Cuddalore Market,5614,6655,6180,Stable,2026-08-14
Tamil Nadu,Villupuram,11.9401,79.4861,Groundnut,Villupuram Uzhavar Sandhai,5706,6298,6050,Decreasing,2026-08-14
Tamil Nadu,Kallakurichi,11.7401,78.9597,Groundnut,Kallakurichi Mandi,5968,6722,6223,Volatile,2026-08-14
Tamil Nadu,Vellore,12.9165,79.1325,Groundnut,Vellore Market,5853,6866,6347,Increasing,2026-08-14
Tamil Nadu,Ranipet,12.924,79.3333,Groundnut,Ranipet Uzhavar Sandhai,5839,6964,6304,Stable,2026-08-14
Tamil Nadu,Tirupattur,12.496,78.5645,Groundnut,Tirupattur Mandi,5803,6832,6310,Decreasing,2026-08-14
Tamil Nadu,Tiruvannamalai,12.2253,79.0747,Groundnut,Tiruvannamalai Market,6099,6742,6445,Volatile,2026-08-14
Tamil Nadu,Kanchipuram,12.8342,79.7036,Groundnut,Kanchipuram Uzhavar Sandhai,6312,7220,6585,Increasing,2026-08-14
Tamil Nadu,Chengalpattu,12.6819,79.9671,Groundnut,Chengalpattu Mandi,6173,7049,6576,Stable,2026-08-14
Tamil Nadu,Thiruvallur,13.1439,79.9087,Groundnut,Thiruvallur Market,5540,6370,5959,Decreasing,2026-08-14
Tamil Nadu,Krishnagiri,12.5186,78.2137,Groundnut,Krishnagiri Uzhavar Sandhai,5741,6415,6094,Volatile,2026-08-14
Tamil Nadu,Dharmapuri,12.1211,78.1582,Groundnut,Dharmapuri Mandi,5861,6764,6244,Increasing,2026-08-14
Tamil Nadu,Coimbatore,11.0168,76.9558,Tomato,Coimbatore Uzhavar Sandhai,1544,1776,1681,Increasing,2026-08-14
Tamil Nadu,Tiruppur,11.1085,77.3411,Tomato,Tiruppur Mandi,1591,1890,1698,Stable,2026-08-14
Tamil Nadu,Erode,11.341,77.7172,Tomato,Erode Market,1638,1870,1794,Decreasing,2026-08-14
Tamil Nadu,Salem,11.6643,78.146,Tomato,Salem Uzhavar Sandhai,1630,1883,1758,Volatile,2026-08-14
Tamil Nadu,Namakkal,11.2189,78.1674,Tomato,Namakkal Mandi,1720,1964,1816,Increasing,2026-08-14
Tamil Nadu,Karur,10.9601,78.0766,Tomato,Karur Market,1693,1963,1813,Stable,2026-08-14
Tamil Nadu,Trichy,10.7905,78.7047,Tomato,Trichy Uzhavar Sandhai,1731,2001,1826,Decreasing,2026-08-14
Tamil Nadu,Thanjavur,10.7867,79.1378,Tomato,Thanjavur Mandi,1690,1908,1825,Volatile,2026-08-14
Tamil Nadu,Tiruvarur,10.766,79.6344,Tomato,Tiruvarur Market,1800,2094,1917,Increasing,2026-08-14
Tamil Nadu,Nagapattinam,10.7672,79.8449,Tomato,Nagapattinam Uzhavar Sandhai,1599,1799,1675,Stable,2026-08-14
Tamil Nadu,Madurai,9.9252,78.1198,Tomato,Madurai Mandi,1617,1849,1747,Decreasing,2026-08-14
Tamil Nadu,Dindigul,10.3673,77.9803,Tomato,Dindigul Market,1639,1955,1799,Volatile,2026-08-14
Tamil Nadu,Theni,10.0104,77.4768,Tomato,Theni Uzhavar Sandhai,1668,1922,1810,Increasing,2026-08-14
Tamil Nadu,Sivaganga,9.8433,78.4809,Tomato,Sivaganga Mandi,1694,1936,1791,Stable,2026-08-14
Tamil Nadu,Ramanathapuram,9.3639,78.8395,Tomato,Ramanathapuram Market,1760,1967,1842,Decreasing,2026-08-14
Tamil Nadu,Tirunelveli,8.7139,77.7567,Tomato,Tirunelveli Uzhavar Sandhai,1667,1984,1838,Volatile,2026-08-14
Tamil Nadu,Thoothukudi,8.7642,78.1348,Tomato,Thoothukudi Mandi,1749,2044,1908,Increasing,2026-08-14
Tamil Nadu,Kanyakumari,8.0883,77.5385,Tomato,Kanyakumari Market,1699,1964,1867,Stable,2026-08-14
Tamil Nadu,Cuddalore,11.748,79.7714,Tomato,Cuddalore Uzhavar Sandhai,1678,1851,1755,Decreasing,2026-08-14
Tamil Nadu,Villupuram,11.9401,79.4861,Tomato,Villupuram Mandi,1646,1853,1764,Volatile,2026-08-14
Tamil Nadu,Kallakurichi,11.7401,78.9597,Tomato,Kallakurichi Market,1708,1874,1799,Increasing,2026-08-14
Tamil Nadu,Vellore,12.9165,79.1325,Tomato,Vellore Uzhavar Sandhai,1612,1905,1748,Stable,2026-08-14
Tamil Nadu,Ranipet,12.924,79.3333,Tomato,Ranipet Mandi,1730,1962,1824,Decreasing,2026-08-14
Tamil Nadu,Tirupattur,12.496,78.5645,Tomato,Tirupattur Market,1656,1927,1782,Volatile,2026-08-14
Tamil Nadu,Tiruvannamalai,12.2253,79.0747,Tomato,Tiruvannamalai Uzhavar Sandhai,1687,2001,1843,Increasing,2026-08-14
Tamil Nadu,Kanchipuram,12.8342,79.7036,Tomato,Kanchipuram Mandi,1806,2003,1908,Stable,2026-08-14
Tamil Nadu,Chengalpattu,12.6819,79.9671,Tomato,Chengalpattu Market,1767,2107,1895,Decreasing,2026-08-14
Tamil Nadu,Thiruvallur,13.1439,79.9087,Tomato,Thiruvallur Uzhavar Sandhai,1580,1824,1700,Volatile,2026-08-14
Tamil Nadu,Krishnagiri,12.5186,78.2137,Tomato,Krishnagiri Mandi,1561,1891,1693,Increasing,2026-08-14
Tamil Nadu,Dharmapuri,12.1211,78.1582,Tomato,Dharmapuri Market,1619,1934,1738,Stable,2026-08-14
Tamil Nadu,Coimbatore,11.0168,76.9558,Sugarcane,Coimbatore Mandi,2896,3371,3081,Stable,2026-08-14
Tamil Nadu,Tiruppur,11.1085,77.3411,Sugarcane,Tiruppur Market,2935,3343,3116,Decreasing,2026-08-14
Tamil Nadu,Erode,11.341,77.7172,Sugarcane,Erode Uzhavar Sandhai,2849,3297,3054,Volatile,2026-08-14
Tamil Nadu,Salem,11.6643,78.146,Sugarcane,Salem Mandi,2836,3485,3136,Increasing,2026-08-14
Tamil Nadu,Namakkal,11.2189,78.1674,Sugarcane,Namakkal Market,2903,3420,3162,Stable,2026-08-14
Tamil Nadu,Karur,10.9601,78.0766,Sugarcane,Karur Uzhavar Sandhai,2937,3427,3168,Decreasing,2026-08-14
Tamil Nadu,Trichy,10.7905,78.7047,Sugarcane,Trichy Mandi,3094,3555,3347,Volatile,2026-08-14
Tamil Nadu,Thanjavur,10.7867,79.1378,Sugarcane,Thanjavur Market,3059,3522,3368,Increasing,2026-08-14
Tamil Nadu,Tiruvarur,10.766,79.6344,Sugarcane,Tiruvarur Uzhavar Sandhai,2989,3452,3284,Stable,2026-08-14
Tamil Nadu,Nagapattinam,10.7672,79.8449,Sugarcane,Nagapattinam Mandi,2818,3207,2979,Decreasing,2026-08-14
Tamil Nadu,Madurai,9.9252,78.1198,Sugarcane,Madurai Market,2808,3248,3013,Volatile,2026-08-14
Tamil Nadu,Dindigul,10.3673,77.9803,Sugarcane,Dindigul Uzhavar Sandhai,2905,3496,3122,Increasing,2026-08-14
Tamil Nadu,Theni,10.0104,77.4768,Sugarcane,Theni Mandi,2879,3381,3136,Stable,2026-08-14
Tamil Nadu,Sivaganga,9.8433,78.4809,Sugarcane,Sivaganga Market,2841,3495,3134,Decreasing,2026-08-14
Tamil Nadu,Ramanathapuram,9.3639,78.8395,Sugarcane,Ramanathapuram Uzhavar Sandhai,3071,3395,3220,Volatile,2026-08-14
Tamil Nadu,Tirunelveli,8.7139,77.7567,Sugarcane,Tirunelveli Mandi,3112,3690,3295,Increasing,2026-08-14
Tamil Nadu,Thoothukudi,8.7642,78.1348,Sugarcane,Thoothukudi Market,3025,3644,3264,Stable,2026-08-14
Tamil Nadu,Kanyakumari,8.0883,77.5385,Sugarcane,Kanyakumari Uzhavar Sandhai,3132,3762,3416,Decreasing,2026-08-14
Tamil Nadu,Cuddalore,11.748,79.7714,Sugarcane,Cuddalore Mandi,2859,3325,3120,Volatile,2026-08-14
Tamil Nadu,Villupuram,11.9401,79.4861,Sugarcane,Villupuram Market,2782,3197,3026,Increasing,2026-08-14
Tamil Nadu,Kallakurichi,11.7401,78.9597,Sugarcane,Kallakurichi Uzhavar Sandhai,2915,3371,3144,Stable,2026-08-14
Tamil Nadu,Vellore,12.9165,79.1325,Sugarcane,Vellore Mandi,2995,3461,3159,Decreasing,2026-08-14
Tamil Nadu,Ranipet,12.924,79.3333,Sugarcane,Ranipet Market,2866,3542,3169,Volatile,2026-08-14
Tamil Nadu,Tirupattur,12.496,78.5645,Sugarcane,Tirupattur Uzhavar Sandhai,2913,3359,3189,Increasing,2026-08-14
Tamil Nadu,Tiruvannamalai,12.2253,79.0747,Sugarcane,Tiruvannamalai Mandi,3061,3713,3319,Stable,2026-08-14
Tamil Nadu,Kanchipuram,12.8342,79.7036,Sugarcane,Kanchipuram Market,3232,3765,3388,Decreasing,2026-08-14
Tamil Nadu,Chengalpattu,12.6819,79.9671,Sugarcane,Chengalpattu Uzhavar Sandhai,3040,3533,3352,Volatile,2026-08-14
Tamil Nadu,Thiruvallur,13.1439,79.9087,Sugarcane,Thiruvallur Mandi,2780,3370,3038,Increasing,2026-08-14
Tamil Nadu,Krishnagiri,12.5186,78.2137,Sugarcane,Krishnagiri Market,2749,3140,3010,Stable,2026-08-14
Tamil Nadu,Dharmapuri,12.1211,78.1582,Sugarcane,Dharmapuri Uzhavar Sandhai,2903,3425,3167,Decreasing,2026-08-14
Tamil Nadu,Coimbatore,11.0168,76.9558,Chilli,Coimbatore Market,7030,8136,7355,Decreasing,2026-08-14
Tamil Nadu,Tiruppur,11.1085,77.3411,Chilli,Tiruppur Uzhavar Sandhai,7317,8456,7643,Volatile,2026-08-14
Tamil Nadu,Erode,11.341,77.7172,Chilli,Erode Mandi,7007,8325,7497,Increasing,2026-08-14
Tamil Nadu,Salem,11.6643,78.146,Chilli,Salem Market,7293,8586,7711,Stable,2026-08-14
Tamil Nadu,Namakkal,11.2189,78.1674,Chilli,Namakkal Uzhavar Sandhai,7013,8327,7644,Decreasing,2026-08-14
Tamil Nadu,Karur,10.9601,78.0766,Chilli,Karur Mandi,7268,8687,7828,Volatile,2026-08-14
Tamil Nadu,Trichy,10.7905,78.7047,Chilli,Trichy Market,7371,8986,8150,Increasing,2026-08-14
Tamil Nadu,Thanjavur,10.7867,79.1378,Chilli,Thanjavur Uzhavar Sandhai,7623,8702,8260,Stable,2026-08-14
Tamil Nadu,Tiruvarur,10.766,79.6344,Chilli,Tiruvarur Mandi,7449,8655,8236,Decreasing,2026-08-14
Tamil Nadu,Nagapattinam,10.7672,79.8449,Chilli,Nagapattinam Market,6815,8280,7497,Volatile,2026-08-14
Tamil Nadu,Madurai,9.9252,78.1198,Chilli,Madurai Uzhavar Sandhai,7128,8142,7598,Increasing,2026-08-14
Tamil Nadu,Dindigul,10.3673,77.9803,Chilli,Dindigul Mandi,7021,8493,7761,Stable,2026-08-14
Tamil Nadu,Theni,10.0104,77.4768,Chilli,Theni Market,7371,8243,7818,Decreasing,2026-08-14
Tamil Nadu,Sivaganga,9.8433,78.4809,Chilli,Sivaganga Uzhavar Sandhai,7460,8912,7958,Volatile,2026-08-14
Tamil Nadu,Ramanathapuram,9.3639,78.8395,Chilli,Ramanathapuram Mandi,7289,8815,7910,Increasing,2026-08-14
Tamil Nadu,Tirunelveli,8.7139,77.7567,Chilli,Tirunelveli Market,7257,8657,8032,Stable,2026-08-14
Tamil Nadu,Thoothukudi,8.7642,78.1348,Chilli,Thoothukudi Uzhavar Sandhai,7591,8454,7909,Decreasing,2026-08-14
Tamil Nadu,Kanyakumari,8.0883,77.5385,Chilli,Kanyakumari Mandi,7752,8750,8190,Volatile,2026-08-14
Tamil Nadu,Cuddalore,11.748,79.7714,Chilli,Cuddalore Market,6902,7946,7455,Increasing,2026-08-14
Tamil Nadu,Villupuram,11.9401,79.4861,Chilli,Villupuram Uzhavar Sandhai,6991,7962,7366,Stable,2026-08-14
Tamil Nadu,Kallakurichi,11.7401,78.9597,Chilli,Kallakurichi Mandi,7135,8114,7442,Decreasing,2026-08-14
Tamil Nadu,Vellore,12.9165,79.1325,Chilli,Vellore Market,7063,8232,7688,Volatile,2026-08-14
Tamil Nadu,Ranipet,12.924,79.3333,Chilli,Ranipet Uzhavar Sandhai,7609,8547,7944,Increasing,2026-08-14
Tamil Nadu,Tirupattur,12.496,78.5645,Chilli,Tirupattur Mandi,7069,8604,7767,Stable,2026-08-14
Tamil Nadu,Tiruvannamalai,12.2253,79.0747,Chilli,Tiruvannamalai Market,7447,8464,7996,Decreasing,2026-08-14
Tamil Nadu,Kanchipuram,12.8342,79.7036,Chilli,Kanchipuram Uzhavar Sandhai,7516,8851,8257,Volatile,2026-08-14
Tamil Nadu,Chengalpattu,12.6819,79.9671,Chilli,Chengalpattu Mandi,7597,8456,8110,Increasing,2026-08-14
Tamil Nadu,Thiruvallur,13.1439,79.9087,Chilli,Thiruvallur Market,6789,7897,7458,Stable,2026-08-14
Tamil Nadu,Krishnagiri,12.5186,78.2137,Chilli,Krishnagiri Uzhavar Sandhai,6965,8423,7633,Decreasing,2026-08-14
Tamil Nadu,Dharmapuri,12.1211,78.1582,Chilli,Dharmapuri Mandi,7164,8288,7552,Volatile,2026-08-14
Tamil Nadu,Coimbatore,11.0168,76.9558,Tapioca,Coimbatore Uzhavar Sandhai,2105,2530,2274,Volatile,2026-08-14
Tamil Nadu,Tiruppur,11.1085,77.3411,Tapioca,Tiruppur Mandi,2199,2479,2318,Increasing,2026-08-14
Tamil Nadu,Erode,11.341,77.7172,Tapioca,Erode Market,2170,2559,2359,Stable,2026-08-14
Tamil Nadu,Salem,11.6643,78.146,Tapioca,Salem Uzhavar Sandhai,2188,2580,2389,Decreasing,2026-08-14
Tamil Nadu,Namakkal,11.2189,78.1674,Tapioca,Namakkal Mandi,2234,2640,2426,Volatile,2026-08-14
Tamil Nadu,Karur,10.9601,78.0766,Tapioca,Karur Market,2325,2820,2529,Increasing,2026-08-14
Tamil Nadu,Trichy,10.7905,78.7047,Tapioca,Trichy Uzhavar Sandhai,2339,2768,2538,Stable,2026-08-14
Tamil Nadu,Thanjavur,10.7867,79.1378,Tapioca,Thanjavur Mandi,2443,2793,2568,Decreasing,2026-08-14
Tamil Nadu,Tiruvarur,10.766,79.6344,Tapioca,Tiruvarur Market,2448,2827,2625,Volatile,2026-08-14
Tamil Nadu,Nagapattinam,10.7672,79.8449,Tapioca,Nagapattinam Uzhavar Sandhai,2154,2534,2363,Increasing,2026-08-14
Tamil Nadu,Madurai,9.9252,78.1198,Tapioca,Madurai Mandi,2238,2556,2377,Stable,2026-08-14
Tamil Nadu,Dindigul,10.3673,77.9803,Tapioca,Dindigul Market,2134,2494,2333,Decreasing,2026-08-14
Tamil Nadu,Theni,10.0104,77.4768,Tapioca,Theni Uzhavar Sandhai,2279,2564,2464,Volatile,2026-08-14
Tamil Nadu,Sivaganga,9.8433,78.4809,Tapioca,Sivaganga Mandi,2316,2557,2449,Increasing,2026-08-14
Tamil Nadu,Ramanathapuram,9.3639,78.8395,Tapioca,Ramanathapuram Market,2274,2745,2508,Stable,2026-08-14
Tamil Nadu,Tirunelveli,8.7139,77.7567,Tapioca,Tirunelveli Uzhavar Sandhai,2307,2780,2527,Decreasing,2026-08-14
Tamil Nadu,Thoothukudi,8.7642,78.1348,Tapioca,Thoothukudi Mandi,2365,2691,2559,Volatile,2026-08-14
Tamil Nadu,Kanyakumari,8.0883,77.5385,Tapioca,Kanyakumari Market,2403,2799,2534,Increasing,2026-08-14
Tamil Nadu,Cuddalore,11.748,79.7714,Tapioca,Cuddalore Uzhavar Sandhai,2234,2540,2357,Stable,2026-08-14
Tamil Nadu,Villupuram,11.9401,79.4861,Tapioca,Villupuram Mandi,2211,2618,2384,Decreasing,2026-08-14
Tamil Nadu,Kallakurichi,11.7401,78.9597,Tapioca,Kallakurichi Market,2153,2485,2388,Volatile,2026-08-14
Tamil Nadu,Vellore,12.9165,79.1325,Tapioca,Vellore Uzhavar Sandhai,2184,2490,2366,Increasing,2026-08-14
Tamil Nadu,Ranipet,12.924,79.3333,Tapioca,Ranipet Mandi,2221,2597,2446,Stable,2026-08-14
Tamil Nadu,Tirupattur,12.496,78.5645,Tapioca,Tirupattur Market,2230,2608,2452,Decreasing,2026-08-14
Tamil Nadu,Tiruvannamalai,12.2253,79.0747,Tapioca,Tiruvannamalai Uzhavar Sandhai,2321,2726,2474,Volatile,2026-08-14
Tamil Nadu,Kanchipuram,12.8342,79.7036,Tapioca,Kanchipuram Mandi,2276,2668,2509,Increasing,2026-08-14
Tamil Nadu,Chengalpattu,12.6819,79.9671,Tapioca,Chengalpattu Market,2409,2780,2592,Stable,2026-08-14
Tamil Nadu,Thiruvallur,13.1439,79.9087,Tapioca,Thiruvallur Uzhavar Sandhai,2169,2429,2306,Decreasing,2026-08-14
Tamil Nadu,Krishnagiri,12.5186,78.2137,Tapioca,Krishnagiri Mandi,2188,2574,2415,Volatile,2026-08-14
Tamil Nadu,Dharmapuri,12.1211,78.1582,Tapioca,Dharmapuri Market,2252,2662,2438,Increasing,2026-08-14
Tamil Nadu,Coimbatore,11.0168,76.9558,Onion,Coimbatore Mandi,2380,2834,2568,Increasing,2026-08-14
Tamil Nadu,Tiruppur,11.1085,77.3411,Onion,Tiruppur Market,2488,2930,2624,Stable,2026-08-14
Tamil Nadu,Erode,11.341,77.7172,Onion,Erode Uzhavar Sandhai,2402,2863,2572,Decreasing,2026-08-14
Tamil Nadu,Salem,11.6643,78.146,Onion,Salem Mandi,2498,2872,2613,Volatile,2026-08-14
Tamil Nadu,Namakkal,11.2189,78.1674,Onion,Namakkal Market,2528,2855,2705,Increasing,2026-08-14
Tamil Nadu,Karur,10.9601,78.0766,Onion,Karur Uzhavar Sandhai,2450,2930,2694,Stable,2026-08-14
Tamil Nadu,Trichy,10.7905,78.7047,Onion,Trichy Mandi,2583,2911,2700,Decreasing,2026-08-14
Tamil Nadu,Thanjavur,10.7867,79.1378,Onion,Thanjavur Market,2569,2944,2812,Volatile,2026-08-14
Tamil Nadu,Tiruvarur,10.766,79.6344,Onion,Tiruvarur Uzhavar Sandhai,2531,3140,2807,Increasing,2026-08-14
Tamil Nadu,Nagapattinam,10.7672,79.8449,Onion,Nagapattinam Mandi,2319,2780,2556,Stable,2026-08-14
Tamil Nadu,Madurai,9.9252,78.1198,Onion,Madurai Market,2541,2823,2652,Decreasing,2026-08-14
Tamil Nadu,Dindigul,10.3673,77.9803,Onion,Dindigul Uzhavar Sandhai,2415,2804,2605,Volatile,2026-08-14
Tamil Nadu,Theni,10.0104,77.4768,Onion,Theni Mandi,2482,2883,2669,Increasing,2026-08-14
Tamil Nadu,Sivaganga,9.8433,78.4809,Onion,Sivaganga Market,2601,2932,2722,Stable,2026-08-14
Tamil Nadu,Ramanathapuram,9.3639,78.8395,Onion,Ramanathapuram Uzhavar Sandhai,2524,2849,2726,Decreasing,2026-08-14
Tamil Nadu,Tirunelveli,8.7139,77.7567,Onion,Tirunelveli Mandi,2688,2977,2821,Volatile,2026-08-14
Tamil Nadu,Thoothukudi,8.7642,78.1348,Onion,Thoothukudi Market,2611,2975,2771,Increasing,2026-08-14
Tamil Nadu,Kanyakumari,8.0883,77.5385,Onion,Kanyakumari Uzhavar Sandhai,2580,3072,2858,Stable,2026-08-14
Tamil Nadu,Cuddalore,11.748,79.7714,Onion,Cuddalore Mandi,2464,2749,2577,Decreasing,2026-08-14
Tamil Nadu,Villupuram,11.9401,79.4861,Onion,Villupuram Market,2415,2810,2635,Volatile,2026-08-14
Tamil Nadu,Kallakurichi,11.7401,78.9597,Onion,Kallakurichi Uzhavar Sandhai,2420,2749,2606,Increasing,2026-08-14
Tamil Nadu,Vellore,12.9165,79.1325,Onion,Vellore Mandi,2490,2956,2685,Stable,2026-08-14
Tamil Nadu,Ranipet,12.924,79.3333,Onion,Ranipet Market,2531,2991,2735,Decreasing,2026-08-14
Tamil Nadu,Tirupattur,12.496,78.5645,Onion,Tirupattur Uzhavar Sandhai,2513,3080,2758,Volatile,2026-08-14
Tamil Nadu,Tiruvannamalai,12.2253,79.0747,Onion,Tiruvannamalai Mandi,2567,2937,2804,Increasing,2026-08-14
Tamil Nadu,Kanchipuram,12.8342,79.7036,Onion,Kanchipuram Market,2592,3087,2857,Stable,2026-08-14
Tamil Nadu,Chengalpattu,12.6819,79.9671,Onion,Chengalpattu Uzhavar Sandhai,2625,3101,2876,Decreasing,2026-08-14
Tamil Nadu,Thiruvallur,13.1439,79.9087,Onion,Thiruvallur Mandi,2285,2694,2530,Volatile,2026-08-14
Tamil Nadu,Krishnagiri,12.5186,78.2137,Onion,Krishnagiri Market,2505,2795,2625,Increasing,2026-08-14
Tamil Nadu,Dharmapuri,12.1211,78.1582,Onion,Dharmapuri Uzhavar Sandhai,2359,2709,2584,Stable,2026-08-14
Tamil Nadu,Coimbatore,11.0168,76.9558,Gingelly,Coimbatore Market,6420,7447,6912,Stable,2026-08-14
Tamil Nadu,Tiruppur,11.1085,77.3411,Gingelly,Tiruppur Uzhavar Sandhai,6433,7683,7013,Decreasing,2026-08-14
Tamil Nadu,Erode,11.341,77.7172,Gingelly,Erode Mandi,6795,7733,7084,Volatile,2026-08-14
Tamil Nadu,Salem,11.6643,78.146,Gingelly,Salem Market,6366,7666,6966,Increasing,2026-08-14
Tamil Nadu,Namakkal,11.2189,78.1674,Gingelly,Namakkal Uzhavar Sandhai,6774,7938,7146,Stable,2026-08-14
Tamil Nadu,Karur,10.9601,78.0766,Gingelly,Karur Mandi,7011,7971,7450,Decreasing,2026-08-14
Tamil Nadu,Trichy,10.7905,78.7047,Gingelly,Trichy Market,7001,8120,7420,Volatile,2026-08-14
Tamil Nadu,Thanjavur,10.7867,79.1378,Gingelly,Thanjavur Uzhavar Sandhai,6850,8135,7394,Increasing,2026-08-14
Tamil Nadu,Tiruvarur,10.766,79.6344,Gingelly,Tiruvarur Mandi,6850,7726,7406,Stable,2026-08-14
Tamil Nadu,Nagapattinam,10.7672,79.8449,Gingelly,Nagapattinam Market,6365,7655,7007,Decreasing,2026-08-14
Tamil Nadu,Madurai,9.9252,78.1198,Gingelly,Madurai Uzhavar Sandhai,6305,7203,6828,Volatile,2026-08-14
Tamil Nadu,Dindigul,10.3673,77.9803,Gingelly,Dindigul Mandi,6443,7596,7061,Increasing,2026-08-14
Tamil Nadu,Theni,10.0104,77.4768,Gingelly,Theni Market,6762,7718,7088,Stable,2026-08-14
Tamil Nadu,Sivaganga,9.8433,78.4809,Gingelly,Sivaganga Uzhavar Sandhai,6501,7698,7046,Decreasing,2026-08-14
Tamil Nadu,Ramanathapuram,9.3639,78.8395,Gingelly,Ramanathapuram Mandi,6675,7838,7382,Volatile,2026-08-14
Tamil Nadu,Tirunelveli,8.7139,77.7567,Gingelly,Tirunelveli Market,6702,7997,7398,Increasing,2026-08-14
Tamil Nadu,Thoothukudi,8.7642,78.1348,Gingelly,Thoothukudi Uzhavar Sandhai,7050,8037,7377,Stable,2026-08-14
Tamil Nadu,Kanyakumari,8.0883,77.5385,Gingelly,Kanyakumari Mandi,7192,8452,7582,Decreasing,2026-08-14
Tamil Nadu,Cuddalore,11.748,79.7714,Gingelly,Cuddalore Market,6443,7620,6844,Volatile,2026-08-14
Tamil Nadu,Villupuram,11.9401,79.4861,Gingelly,Villupuram Uzhavar Sandhai,6491,7697,6930,Increasing,2026-08-14
Tamil Nadu,Kallakurichi,11.7401,78.9597,Gingelly,Kallakurichi Mandi,6357,7529,6899,Stable,2026-08-14
Tamil Nadu,Vellore,12.9165,79.1325,Gingelly,Vellore Market,6351,7280,6939,Decreasing,2026-08-14
Tamil Nadu,Ranipet,12.924,79.3333,Gingelly,Ranipet Uzhavar Sandhai,6707,8088,7301,Volatile,2026-08-14
Tamil Nadu,Tirupattur,12.496,78.5645,Gingelly,Tirupattur Mandi,6713,8224,7444,Increasing,2026-08-14
Tamil Nadu,Tiruvannamalai,12.2253,79.0747,Gingelly,Tiruvannamalai Market,6867,7889,7248,Stable,2026-08-14
Tamil Nadu,Kanchipuram,12.8342,79.7036,Gingelly,Kanchipuram Uzhavar Sandhai,7305,8114,7624,Decreasing,2026-08-14
Tamil Nadu,Chengalpattu,12.6819,79.9671,Gingelly,Chengalpattu Mandi,7229,8485,7582,Volatile,2026-08-14
Tamil Nadu,Thiruvallur,13.1439,79.9087,Gingelly,Thiruvallur Market,6406,7793,6980,Increasing,2026-08-14
Tamil Nadu,Krishnagiri,12.5186,78.2137,Gingelly,Krishnagiri Uzhavar Sandhai,6241,7398,6889,Stable,2026-08-14
Tamil Nadu,Dharmapuri,12.1211,78.1582,Gingelly,Dharmapuri Mandi,6712,7600,7019,Decreasing,2026-08-14
Tamil Nadu,Coimbatore,11.0168,76.9558,Black Gram,Coimbatore Uzhavar Sandhai,6579,7559,7207,Decreasing,2026-08-14
Tamil Nadu,Tiruppur,11.1085,77.3411,Black Gram,Tiruppur Mandi,6645,7933,7361,Volatile,2026-08-14
Tamil Nadu,Erode,11.341,77.7172,Black Gram,Erode Market,7083,8304,7428,Increasing,2026-08-14
Tamil Nadu,Salem,11.6643,78.146,Black Gram,Salem Uzhavar Sandhai,7199,8229,7630,Stable,2026-08-14
Tamil Nadu,Namakkal,11.2189,78.1674,Black Gram,Namakkal Mandi,7111,8079,7427,Decreasing,2026-08-14
Tamil Nadu,Karur,10.9601,78.0766,Black Gram,Karur Market,7269,8394,7720,Volatile,2026-08-14
Tamil Nadu,Trichy,10.7905,78.7047,Black Gram,Trichy Uzhavar Sandhai,7412,8135,7742,Increasing,2026-08-14
Tamil Nadu,Thanjavur,10.7867,79.1378,Black Gram,Thanjavur Mandi,7132,8498,7830,Stable,2026-08-14
Tamil Nadu,Tiruvarur,10.766,79.6344,Black Gram,Tiruvarur Market,7239,8527,7811,Decreasing,2026-08-14
Tamil Nadu,Nagapattinam,10.7672,79.8449,Black Gram,Nagapattinam Uzhavar Sandhai,6882,7927,7218,Volatile,2026-08-14
Tamil Nadu,Madurai,9.9252,78.1198,Black Gram,Madurai Mandi,6849,7875,7252,Increasing,2026-08-14
Tamil Nadu,Dindigul,10.3673,77.9803,Black Gram,Dindigul Market,7038,8296,7545,Stable,2026-08-14
Tamil Nadu,Theni,10.0104,77.4768,Black Gram,Theni Uzhavar Sandhai,7278,8088,7623,Decreasing,2026-08-14
Tamil Nadu,Sivaganga,9.8433,78.4809,Black Gram,Sivaganga Mandi,6840,8426,7533,Volatile,2026-08-14
Tamil Nadu,Ramanathapuram,9.3639,78.8395,Black Gram,Ramanathapuram Market,6880,8093,7631,Increasing,2026-08-14
Tamil Nadu,Tirunelveli,8.7139,77.7567,Black Gram,Tirunelveli Uzhavar Sandhai,7061,8546,7678,Stable,2026-08-14
Tamil Nadu,Thoothukudi,8.7642,78.1348,Black Gram,Thoothukudi Mandi,7314,8248,7904,Decreasing,2026-08-14
Tamil Nadu,Kanyakumari,8.0883,77.5385,Black Gram,Kanyakumari Market,7157,8214,7844,Volatile,2026-08-14
Tamil Nadu,Cuddalore,11.748,79.7714,Black Gram,Cuddalore Uzhavar Sandhai,6837,7738,7215,Increasing,2026-08-14
Tamil Nadu,Villupuram,11.9401,79.4861,Black Gram,Villupuram Mandi,6873,8098,7343,Stable,2026-08-14
Tamil Nadu,Kallakurichi,11.7401,78.9597,Black Gram,Kallakurichi Market,7048,7729,7375,Decreasing,2026-08-14
Tamil Nadu,Vellore,12.9165,79.1325,Black Gram,Vellore Uzhavar Sandhai,7026,7997,7586,Volatile,2026-08-14
Tamil Nadu,Ranipet,12.924,79.3333,Black Gram,Ranipet Mandi,7103,8137,7757,Increasing,2026-08-14
Tamil Nadu,Tirupattur,12.496,78.5645,Black Gram,Tirupattur Market,6979,8006,7590,Stable,2026-08-14
Tamil Nadu,Tiruvannamalai,12.2253,79.0747,Black Gram,Tiruvannamalai Uzhavar Sandhai,7207,8211,7774,Decreasing,2026-08-14
Tamil Nadu,Kanchipuram,12.8342,79.7036,Black Gram,Kanchipuram Mandi,6941,8531,7690,Volatile,2026-08-14
Tamil Nadu,Chengalpattu,12.6819,79.9671,Black Gram,Chengalpattu Market,7604,8958,8009,Increasing,2026-08-14
Tamil Nadu,Thiruvallur,13.1439,79.9087,Black Gram,Thiruvallur Uzhavar Sandhai,6992,7830,7319,Stable,2026-08-14
Tamil Nadu,Krishnagiri,12.5186,78.2137,Black Gram,Krishnagiri Mandi,6762,7861,7256,Decreasing,2026-08-14
Tamil Nadu,Dharmapuri,12.1211,78.1582,Black Gram,Dharmapuri Market,6553,7828,7246,Volatile,2026-08-14
